<?xml version="1.0"?>
<projectProfile type="default" version="1.12.9dev">
  <projectDirectory>
    <projectProfileFile filesystemName=".zfproject.xml"/>
    <applicationDirectory classNamePrefix="Application_">
      <configsDirectory>
        <applicationConfigFile type="ini"/>
      </configsDirectory>
      <controllersDirectory>
        <controllerFile controllerName="Index">
          <actionMethod actionName="index"/>
        </controllerFile>
        <controllerFile controllerName="Error"/>
        <controllerFile controllerName="Produit">
          <actionMethod actionName="index"/>
          <actionMethod actionName="ajouter"/>
          <actionMethod actionName="modifier"/>
          <actionMethod actionName="stocker"/>
          <actionMethod actionName="supprimer"/>
          <actionMethod actionName="modifierStock"/>
          <actionMethod actionName="modifierstock"/>
          <actionMethod actionName="ajouterTypeProduit"/>
        </controllerFile>
        <controllerFile controllerName="TypeProduit">
          <actionMethod actionName="index"/>
          <actionMethod actionName="ajouter"/>
          <actionMethod actionName="modifier"/>
          <actionMethod actionName="supprimer"/>
        </controllerFile>
        <controllerFile controllerName="Fournisseur">
          <actionMethod actionName="index"/>
          <actionMethod actionName="ajouterFournisseur"/>
          <actionMethod actionName="modifierFournisseur"/>
          <actionMethod actionName="supprimerFournisseur"/>
          <actionMethod actionName="ajouter"/>
          <actionMethod actionName="modifier"/>
          <actionMethod actionName="supprimer"/>
          <actionMethod actionName="activer"/>
        </controllerFile>
        <controllerFile controllerName="Representant">
          <actionMethod actionName="index"/>
          <actionMethod actionName="ajouter"/>
          <actionMethod actionName="supprimer"/>
          <actionMethod actionName="modifier"/>
        </controllerFile>
        <controllerFile controllerName="AffectationClient">
          <actionMethod actionName="index"/>
          <actionMethod actionName="ajouter"/>
          <actionMethod actionName="modifier"/>
          <actionMethod actionName="supprimer"/>
        </controllerFile>
        <controllerFile controllerName="Authentication">
          <actionMethod actionName="index"/>
        </controllerFile>
        <controllerFile controllerName="Membres">
          <actionMethod actionName="index"/>
          <actionMethod actionName="inscriptionPro"/>
          <actionMethod actionName="professionnel"/>
          <actionMethod actionName="facture"/>
        </controllerFile>
        <controllerFile controllerName="Veranda">
          <actionMethod actionName="index"/>
          <actionMethod actionName="fiche"/>
        </controllerFile>
        <controllerFile controllerName="Portail">
          <actionMethod actionName="index"/>
          <actionMethod actionName="fiche"/>
        </controllerFile>
        <controllerFile controllerName="Porte">
          <actionMethod actionName="index"/>
          <actionMethod actionName="fiche"/>
        </controllerFile>
        <controllerFile controllerName="Fenetre">
          <actionMethod actionName="index"/>
          <actionMethod actionName="fiche"/>
        </controllerFile>
        <controllerFile controllerName="Cart">
          <actionMethod actionName="index"/>
        </controllerFile>
        <controllerFile controllerName="Panier">
          <actionMethod actionName="index"/>
          <actionMethod actionName="ajouter"/>
          <actionMethod actionName="supprimer"/>
          <actionMethod actionName="vider"/>
          <actionMethod actionName="commander"/>
          <actionMethod actionName="etat"/>
        </controllerFile>
        <controllerFile controllerName="PdfController">
          <actionMethod actionName="index"/>
        </controllerFile>
        <controllerFile controllerName="Pdf">
          <actionMethod actionName="index"/>
        </controllerFile>
        <controllerFile controllerName="Commande">
          <actionMethod actionName="index"/>
          <actionMethod actionName="modifier"/>
          <actionMethod actionName="supprimer"/>
          <actionMethod actionName="ligne"/>
          <actionMethod actionName="supprimerLigne"/>
        </controllerFile>
        <controllerFile controllerName="Admin">
          <actionMethod actionName="index"/>
          <actionMethod actionName="modifier"/>
          <actionMethod actionName="supprimer"/>
          <actionMethod actionName="ajouter"/>
        </controllerFile>
        <controllerFile controllerName="Contact">
          <actionMethod actionName="index"/>
        </controllerFile>
        <controllerFile controllerName="Chiffreaffaire">
          <actionMethod actionName="index"/>
        </controllerFile>
      </controllersDirectory>
      <formsDirectory>
        <formFile formName="Produit"/>
        <formFile formName="Stock"/>
        <formFile formName="Supprimer"/>
        <formFile formName="TypeProduit"/>
        <formFile formName="SupprimerTypeProduit"/>
        <formFile formName="Fournisseur"/>
        <formFile formName="SupprimerFournisseur"/>
        <formFile formName="AjouterRepresentant"/>
        <formFile formName="SupprimerRepresentant"/>
        <formFile formName="ModifierRepresentant"/>
        <formFile formName="Representant"/>
        <formFile formName="AffectationClient"/>
        <formFile formName="ModifierAffectationClient"/>
        <formFile formName="SupprimerAffectationClient"/>
        <formFile formName="Login"/>
        <formFile formName="Membres"/>
        <formFile formName="Inscription"/>
        <formFile formName="InscriptionProfessionnel"/>
        <formFile formName="Commande"/>
        <formFile formName="UpdateProfilParticulier"/>
        <formFile formName="UpdateProfilProfessionnel"/>
        <formFile formName="UpdateProfilAdmin"/>
        <formFile formName="ModifierLigneCommande"/>
        <formFile formName="SupprimerLigneCommande"/>
        <formFile formName="SupprimerCommande"/>
        <formFile formName="AjoutAdmin"/>
        <formFile formName="SupprimerAdmin"/>
      </formsDirectory>
      <layoutsDirectory enabled="false"/>
      <modelsDirectory>
        <dbTableDirectory>
          <dbTableFile dbTableName="Produit"/>
          <dbTableFile dbTableName="TypeProduit"/>
          <dbTableFile dbTableName="Stock"/>
          <dbTableFile dbTableName="Fournisseur"/>
          <dbTableFile dbTableName="Representant"/>
          <dbTableFile dbTableName="Utilisateur"/>
          <dbTableFile dbTableName="Commande"/>
          <dbTableFile dbTableName="Particulier"/>
          <dbTableFile dbTableName="Veranda"/>
          <dbTableFile dbTableName="Professionnel"/>
          <dbTableFile dbTableName="Facture"/>
          <dbTableFile dbTableName="Lignefacture"/>
          <dbTableFile dbTableName="Lignecommande"/>
          <dbTableFile dbTableName="Admin"/>
          <dbTableFile dbTableName="Approvision"/>
          <dbTableFile dbTableName="Chiffreaffaire"/>
        </dbTableDirectory>
        <modelFile modelName="Chiffreaffaire"/>
      </modelsDirectory>
      <modulesDirectory enabled="false"/>
      <servicesDirectory enabled="false"/>
      <viewsDirectory>
        <viewScriptsDirectory>
          <viewControllerScriptsDirectory forControllerName="Index">
            <viewScriptFile forActionName="index"/>
          </viewControllerScriptsDirectory>
          <viewControllerScriptsDirectory forControllerName="Error">
            <viewScriptFile forActionName="error"/>
          </viewControllerScriptsDirectory>
          <viewControllerScriptsDirectory forControllerName="Produit">
            <viewScriptFile forActionName="index"/>
          </viewControllerScriptsDirectory>
          <viewControllerScriptsDirectory forControllerName="Produit">
            <viewScriptFile forActionName="ajouter"/>
          </viewControllerScriptsDirectory>
          <viewControllerScriptsDirectory forControllerName="Produit">
            <viewScriptFile forActionName="modifier"/>
          </viewControllerScriptsDirectory>
          <viewControllerScriptsDirectory forControllerName="Produit">
            <viewScriptFile forActionName="stocker"/>
          </viewControllerScriptsDirectory>
          <viewControllerScriptsDirectory forControllerName="Produit">
            <viewScriptFile forActionName="supprimer"/>
          </viewControllerScriptsDirectory>
          <viewControllerScriptsDirectory forControllerName="Produit">
            <viewScriptFile forActionName="modifierStock"/>
          </viewControllerScriptsDirectory>
          <viewControllerScriptsDirectory forControllerName="Produit">
            <viewScriptFile forActionName="modifierstock"/>
          </viewControllerScriptsDirectory>
          <viewControllerScriptsDirectory forControllerName="TypeProduit">
            <viewScriptFile forActionName="index"/>
          </viewControllerScriptsDirectory>
          <viewControllerScriptsDirectory forControllerName="TypeProduit">
            <viewScriptFile forActionName="ajouter"/>
          </viewControllerScriptsDirectory>
          <viewControllerScriptsDirectory forControllerName="TypeProduit">
            <viewScriptFile forActionName="modifier"/>
          </viewControllerScriptsDirectory>
          <viewControllerScriptsDirectory forControllerName="TypeProduit">
            <viewScriptFile forActionName="supprimer"/>
          </viewControllerScriptsDirectory>
          <viewControllerScriptsDirectory forControllerName="Fournisseur">
            <viewScriptFile forActionName="index"/>
          </viewControllerScriptsDirectory>
          <viewControllerScriptsDirectory forControllerName="Fournisseur">
            <viewScriptFile forActionName="ajouterFournisseur"/>
          </viewControllerScriptsDirectory>
          <viewControllerScriptsDirectory forControllerName="Fournisseur">
            <viewScriptFile forActionName="modifierFournisseur"/>
          </viewControllerScriptsDirectory>
          <viewControllerScriptsDirectory forControllerName="Fournisseur">
            <viewScriptFile forActionName="supprimerFournisseur"/>
          </viewControllerScriptsDirectory>
          <viewControllerScriptsDirectory forControllerName="Fournisseur">
            <viewScriptFile forActionName="ajouter"/>
          </viewControllerScriptsDirectory>
          <viewControllerScriptsDirectory forControllerName="Fournisseur">
            <viewScriptFile forActionName="modifier"/>
          </viewControllerScriptsDirectory>
          <viewControllerScriptsDirectory forControllerName="Fournisseur">
            <viewScriptFile forActionName="supprimer"/>
          </viewControllerScriptsDirectory>
          <viewControllerScriptsDirectory forControllerName="Representant">
            <viewScriptFile forActionName="index"/>
          </viewControllerScriptsDirectory>
          <viewControllerScriptsDirectory forControllerName="Representant">
            <viewScriptFile forActionName="ajouter"/>
          </viewControllerScriptsDirectory>
          <viewControllerScriptsDirectory forControllerName="Representant">
            <viewScriptFile forActionName="supprimer"/>
          </viewControllerScriptsDirectory>
          <viewControllerScriptsDirectory forControllerName="Representant">
            <viewScriptFile forActionName="modifier"/>
          </viewControllerScriptsDirectory>
          <viewControllerScriptsDirectory forControllerName="AffectationClient">
            <viewScriptFile forActionName="index"/>
          </viewControllerScriptsDirectory>
          <viewControllerScriptsDirectory forControllerName="AffectationClient">
            <viewScriptFile forActionName="ajouter"/>
          </viewControllerScriptsDirectory>
          <viewControllerScriptsDirectory forControllerName="AffectationClient">
            <viewScriptFile forActionName="modifier"/>
          </viewControllerScriptsDirectory>
          <viewControllerScriptsDirectory forControllerName="AffectationClient">
            <viewScriptFile forActionName="supprimer"/>
          </viewControllerScriptsDirectory>
          <viewControllerScriptsDirectory forControllerName="Authentication">
            <viewScriptFile forActionName="index"/>
          </viewControllerScriptsDirectory>
          <viewControllerScriptsDirectory forControllerName="Membres">
            <viewScriptFile forActionName="index"/>
          </viewControllerScriptsDirectory>
          <viewControllerScriptsDirectory forControllerName="Veranda">
            <viewScriptFile forActionName="index"/>
          </viewControllerScriptsDirectory>
          <viewControllerScriptsDirectory forControllerName="Portail">
            <viewScriptFile forActionName="index"/>
          </viewControllerScriptsDirectory>
          <viewControllerScriptsDirectory forControllerName="Porte">
            <viewScriptFile forActionName="index"/>
          </viewControllerScriptsDirectory>
          <viewControllerScriptsDirectory forControllerName="Veranda">
            <viewScriptFile forActionName="fiche"/>
          </viewControllerScriptsDirectory>
          <viewControllerScriptsDirectory forControllerName="Fenetre">
            <viewScriptFile forActionName="index"/>
          </viewControllerScriptsDirectory>
          <viewControllerScriptsDirectory forControllerName="Fenetre">
            <viewScriptFile forActionName="fiche"/>
          </viewControllerScriptsDirectory>
          <viewControllerScriptsDirectory forControllerName="Porte">
            <viewScriptFile forActionName="fiche"/>
          </viewControllerScriptsDirectory>
          <viewControllerScriptsDirectory forControllerName="Portail">
            <viewScriptFile forActionName="fiche"/>
          </viewControllerScriptsDirectory>
          <viewControllerScriptsDirectory forControllerName="Cart">
            <viewScriptFile forActionName="index"/>
          </viewControllerScriptsDirectory>
          <viewControllerScriptsDirectory forControllerName="Panier">
            <viewScriptFile forActionName="index"/>
          </viewControllerScriptsDirectory>
          <viewControllerScriptsDirectory forControllerName="Panier">
            <viewScriptFile forActionName="ajouter"/>
          </viewControllerScriptsDirectory>
          <viewControllerScriptsDirectory forControllerName="Panier">
            <viewScriptFile forActionName="supprimer"/>
          </viewControllerScriptsDirectory>
          <viewControllerScriptsDirectory forControllerName="Panier">
            <viewScriptFile forActionName="vider"/>
          </viewControllerScriptsDirectory>
          <viewControllerScriptsDirectory forControllerName="Panier">
            <viewScriptFile forActionName="commander"/>
          </viewControllerScriptsDirectory>
          <viewControllerScriptsDirectory forControllerName="Panier">
            <viewScriptFile forActionName="etat"/>
          </viewControllerScriptsDirectory>
          <viewControllerScriptsDirectory forControllerName="Membres">
            <viewScriptFile forActionName="inscriptionPro"/>
          </viewControllerScriptsDirectory>
          <viewControllerScriptsDirectory forControllerName="Membres">
            <viewScriptFile forActionName="professionnel"/>
          </viewControllerScriptsDirectory>
          <viewControllerScriptsDirectory forControllerName="PdfController">
            <viewScriptFile forActionName="index"/>
          </viewControllerScriptsDirectory>
          <viewControllerScriptsDirectory forControllerName="Membres">
            <viewScriptFile forActionName="facture"/>
          </viewControllerScriptsDirectory>
          <viewControllerScriptsDirectory forControllerName="Pdf">
            <viewScriptFile forActionName="index"/>
          </viewControllerScriptsDirectory>
          <viewControllerScriptsDirectory forControllerName="Commande">
            <viewScriptFile forActionName="index"/>
          </viewControllerScriptsDirectory>
          <viewControllerScriptsDirectory forControllerName="Commande">
            <viewScriptFile forActionName="modifier"/>
          </viewControllerScriptsDirectory>
          <viewControllerScriptsDirectory forControllerName="Commande">
            <viewScriptFile forActionName="supprimer"/>
          </viewControllerScriptsDirectory>
          <viewControllerScriptsDirectory forControllerName="Commande">
            <viewScriptFile forActionName="ligne"/>
          </viewControllerScriptsDirectory>
          <viewControllerScriptsDirectory forControllerName="Commande">
            <viewScriptFile forActionName="supprimerLigne"/>
          </viewControllerScriptsDirectory>
          <viewControllerScriptsDirectory forControllerName="Admin">
            <viewScriptFile forActionName="index"/>
          </viewControllerScriptsDirectory>
          <viewControllerScriptsDirectory forControllerName="Admin">
            <viewScriptFile forActionName="modifier"/>
          </viewControllerScriptsDirectory>
          <viewControllerScriptsDirectory forControllerName="Admin">
            <viewScriptFile forActionName="supprimer"/>
          </viewControllerScriptsDirectory>
          <viewControllerScriptsDirectory forControllerName="Admin">
            <viewScriptFile forActionName="ajouter"/>
          </viewControllerScriptsDirectory>
          <viewControllerScriptsDirectory forControllerName="Contact">
            <viewScriptFile forActionName="index"/>
          </viewControllerScriptsDirectory>
          <viewControllerScriptsDirectory forControllerName="Contact">
            <viewScriptFile forActionName="index"/>
          </viewControllerScriptsDirectory>
          <viewControllerScriptsDirectory forControllerName="Fournisseur">
            <viewScriptFile forActionName="activer"/>
          </viewControllerScriptsDirectory>
          <viewControllerScriptsDirectory forControllerName="Chiffreaffaire">
            <viewScriptFile forActionName="index"/>
          </viewControllerScriptsDirectory>
        </viewScriptsDirectory>
        <viewHelpersDirectory/>
        <viewFiltersDirectory enabled="false"/>
      </viewsDirectory>
      <bootstrapFile filesystemName="Bootstrap.php"/>
    </applicationDirectory>
    <dataDirectory enabled="false">
      <cacheDirectory enabled="false"/>
      <searchIndexesDirectory enabled="false"/>
      <localesDirectory enabled="false"/>
      <logsDirectory enabled="false"/>
      <sessionsDirectory enabled="false"/>
      <uploadsDirectory enabled="false"/>
    </dataDirectory>
    <docsDirectory>
      <file filesystemName="README.txt"/>
    </docsDirectory>
    <libraryDirectory>
      <zfStandardLibraryDirectory enabled="false"/>
    </libraryDirectory>
    <publicDirectory>
      <publicStylesheetsDirectory enabled="false"/>
      <publicScriptsDirectory enabled="false"/>
      <publicImagesDirectory enabled="false"/>
      <publicIndexFile filesystemName="index.php"/>
      <htaccessFile filesystemName=".htaccess"/>
    </publicDirectory>
    <projectProvidersDirectory enabled="false"/>
    <temporaryDirectory enabled="false"/>
    <testsDirectory>
      <testPHPUnitConfigFile filesystemName="phpunit.xml"/>
      <testPHPUnitBootstrapFile filesystemName="bootstrap.php"/>
      <testApplicationDirectory>
        <testApplicationControllerDirectory>
          <testApplicationControllerFile forControllerName="Index"/>
        </testApplicationControllerDirectory>
      </testApplicationDirectory>
      <testLibraryDirectory/>
    </testsDirectory>
  </projectDirectory>
</projectProfile>
